Customer_ID,Gender,Age,Marital_Status,Employment_Status,Monthly_Income,Loan_Amount,Loan_Purpose,Loan_Term_Months,Repayment_Status,Loan_Approval_Date
CUST1000,Male,48,Married,Unemployed,396467,931734,Personal,6,Defaulted,2024-07-01
CUST1001,Female,45,Divorced,Employed,198677,584185,Business,18,Paid,2023-10-14
CUST1002,Female,57,Married,Self-Employed,265787,91920,Agriculture,18,Paid,2023-11-17
CUST1003,Female,53,Married,Employed,53532,1219816,Personal,24,Paid,2023-11-23
CUST1004,Male,51,Divorced,Unemployed,85262,1090856,Business,12,Paid,2025-05-20
CUST1005,Female,30,Married,Self-Employed,284669,99735,Business,24,Paid,2023-06-26
CUST1006,Male,60,Married,Employed,195830,95911,Medical,18,Paid,2025-04-26
CUST1007,Female,27,Single,Unemployed,357306,1407740,Agriculture,12,Paid,2024-08-10
CUST1008,Male,43,Single,Unemployed,146399,1283590,Medical,6,Paid,2024-08-04
CUST1009,Male,55,Single,Unemployed,322002,1288245,Education,24,Paid,2024-12-05
CUST1010,Female,31,Married,Unemployed,395376,1093284,Education,6,Paid,2024-02-14
CUST1011,Female,21,Married,Employed,267793,615878,Rent,6,Paid,2025-06-03
CUST1012,Female,60,Married,Employed,350967,852487,Personal,6,Paid,2024-06-05
CUST1013,Male,48,Divorced,Employed,207580,853449,Education,24,Paid,2023-07-30
CUST1014,Male,56,Married,Self-Employed,344965,846570,Education,12,Paid,2024-10-28
CUST1015,Male,52,Single,Self-Employed,349098,267384,Education,24,Paid,2024-02-03
CUST1016,Female,49,Married,Employed,61505,637792,Business,12,Defaulted,2025-03-04
CUST1017,Male,47,Single,Self-Employed,280857,672406,Agriculture,12,Paid,2024-12-10
CUST1018,Male,33,Married,Unemployed,239919,1245149,Business,24,Paid,2024-12-26
CUST1019,Female,35,Single,Unemployed,386865,1464341,Medical,6,Paid,2025-06-14
CUST1020,Male,56,Divorced,Self-Employed,221248,50272,Medical,24,Paid,2023-07-16
CUST1021,Male,24,Married,Unemployed,348389,492690,Education,6,Paid,2025-02-03
CUST1022,Female,52,Divorced,Unemployed,269544,199163,Business,6,Paid,2024-09-13
CUST1023,Female,22,Single,Self-Employed,338602,447851,Personal,6,Paid,2023-09-25
CUST1024,Male,23,Married,Self-Employed,365918,862463,Education,12,Paid,2024-01-21
CUST1025,Male,38,Married,Self-Employed,32685,734838,Business,18,Paid,2024-05-08
CUST1026,Female,54,Divorced,Self-Employed,301886,300941,Agriculture,12,Paid,2024-05-02
CUST1027,Female,56,Married,Unemployed,122624,189679,Medical,18,Paid,2023-11-27
CUST1028,Female,34,Married,Unemployed,280849,788742,Personal,12,Paid,2025-03-09
CUST1029,Female,43,Divorced,Unemployed,365081,1150750,Rent,18,Defaulted,2024-03-21
CUST1030,Female,22,Married,Self-Employed,56198,172291,Business,12,Paid,2023-10-28
CUST1031,Female,53,Single,Unemployed,116015,622400,Personal,24,Defaulted,2024-05-02
CUST1032,Male,28,Married,Unemployed,379960,1413366,Business,6,Paid,2024-12-17
CUST1033,Male,23,Divorced,Unemployed,124660,882422,Personal,24,Paid,2024-09-15
CUST1034,Female,48,Married,Self-Employed,147936,1426422,Agriculture,12,Paid,2023-08-28
CUST1035,Female,53,Married,Unemployed,246087,258434,Education,12,Defaulted,2023-10-22
CUST1036,Female,53,Divorced,Self-Employed,191632,148913,Medical,6,Paid,2024-05-24
CUST1037,Male,50,Married,Employed,332721,446946,Agriculture,18,Paid,2024-03-08
CUST1038,Male,23,Married,Self-Employed,107715,336123,Medical,18,Paid,2023-09-20
CUST1039,Male,24,Divorced,Employed,96384,1446849,Rent,18,Defaulted,2023-10-27
CUST1040,Female,30,Single,Self-Employed,33354,172110,Education,6,Paid,2023-08-11
CUST1041,Female,41,Divorced,Unemployed,54024,1384285,Education,24,Paid,2024-05-12
CUST1042,Male,39,Single,Self-Employed,134151,749234,Agriculture,18,Defaulted,2024-05-06
CUST1043,Female,55,Married,Unemployed,81620,1038407,Personal,12,Paid,2024-09-18
CUST1044,Female,22,Divorced,Unemployed,363184,473900,Personal,24,Paid,2025-02-20
CUST1045,Male,54,Married,Employed,233831,788332,Business,12,Paid,2023-11-10
CUST1046,Male,36,Married,Self-Employed,96727,1246655,Agriculture,6,Paid,2025-04-16
CUST1047,Male,39,Married,Self-Employed,73215,1227369,Medical,12,Paid,2024-07-23
CUST1048,Male,37,Married,Self-Employed,137605,851343,Business,6,Paid,2025-02-16
CUST1049,Male,27,Married,Self-Employed,151881,230739,Rent,18,Defaulted,2023-07-18
CUST1050,Female,34,Divorced,Unemployed,198456,1226221,Rent,6,Defaulted,2024-03-08
CUST1051,Male,34,Married,Employed,69659,484731,Personal,12,Paid,2023-09-06
CUST1052,Male,33,Single,Employed,120743,819032,Agriculture,12,Paid,2024-12-07
CUST1053,Female,36,Single,Employed,166930,134100,Medical,24,Paid,2023-09-20
CUST1054,Female,59,Divorced,Employed,361572,1370595,Business,12,Defaulted,2023-11-08
CUST1055,Female,43,Single,Unemployed,358170,1212047,Business,24,Paid,2025-05-09
CUST1056,Female,54,Divorced,Unemployed,141363,147393,Agriculture,18,Paid,2024-08-02
CUST1057,Male,41,Married,Self-Employed,282228,1266584,Agriculture,18,Defaulted,2024-11-11
CUST1058,Male,57,Married,Unemployed,132899,325082,Agriculture,6,Paid,2024-08-17
CUST1059,Female,29,Divorced,Self-Employed,43589,145661,Agriculture,6,Paid,2024-09-11
CUST1060,Male,31,Single,Employed,375242,1312705,Medical,18,Paid,2025-04-20
CUST1061,Female,27,Single,Self-Employed,253100,1453627,Rent,12,Defaulted,2023-06-29
CUST1062,Female,54,Single,Self-Employed,61491,1435771,Medical,24,Paid,2023-12-17
CUST1063,Female,51,Married,Employed,96033,641629,Personal,12,Paid,2024-05-29
CUST1064,Female,25,Married,Employed,75060,152296,Personal,18,Paid,2024-06-01
CUST1065,Female,35,Divorced,Unemployed,184915,715018,Agriculture,18,Paid,2024-09-11
CUST1066,Female,25,Single,Employed,299478,791188,Agriculture,12,Paid,2024-02-24
CUST1067,Female,55,Single,Employed,336765,1178950,Rent,12,Paid,2023-07-17
CUST1068,Male,36,Divorced,Unemployed,262346,94526,Personal,12,Paid,2024-02-13
CUST1069,Female,42,Single,Self-Employed,355278,963124,Medical,6,Paid,2024-07-03
CUST1070,Female,26,Married,Employed,392587,743874,Education,12,Paid,2023-12-07
CUST1071,Female,43,Single,Self-Employed,130669,100487,Rent,12,Paid,2025-05-20
CUST1072,Male,52,Single,Employed,303731,434634,Agriculture,12,Paid,2024-10-10
CUST1073,Female,45,Married,Employed,347155,1128660,Medical,18,Paid,2023-11-30
CUST1074,Female,33,Divorced,Unemployed,243067,270428,Education,12,Paid,2025-05-28
CUST1075,Female,41,Divorced,Unemployed,204318,246734,Business,18,Paid,2023-06-27
CUST1076,Female,45,Married,Employed,240953,1119349,Medical,18,Paid,2023-09-29
CUST1077,Female,28,Divorced,Unemployed,367398,636808,Business,18,Paid,2023-08-19
CUST1078,Male,21,Married,Employed,72396,1451288,Rent,6,Paid,2025-03-25
CUST1079,Female,26,Divorced,Unemployed,233245,1001657,Medical,6,Paid,2024-07-03
CUST1080,Female,23,Single,Self-Employed,33008,1352019,Personal,12,Paid,2024-09-09
CUST1081,Male,28,Single,Self-Employed,63015,1222257,Personal,12,Defaulted,2024-08-15
CUST1082,Male,31,Single,Employed,74089,1219904,Rent,24,Paid,2024-06-05
CUST1083,Male,59,Divorced,Unemployed,175864,349852,Agriculture,6,Paid,2024-06-02
CUST1084,Male,37,Married,Self-Employed,136257,53738,Education,18,Paid,2024-07-19
CUST1085,Male,59,Married,Unemployed,76602,307628,Business,24,Paid,2023-08-06
CUST1086,Female,53,Married,Self-Employed,207296,373371,Business,18,Paid,2023-12-16
CUST1087,Male,60,Married,Unemployed,48895,97162,Rent,6,Paid,2024-11-27
CUST1088,Female,38,Divorced,Employed,37464,735108,Agriculture,24,Paid,2025-03-28
CUST1089,Male,23,Married,Employed,351461,570085,Rent,18,Paid,2024-10-12
CUST1090,Female,52,Single,Self-Employed,277807,422846,Agriculture,6,Paid,2023-07-12
CUST1091,Male,45,Married,Self-Employed,367454,1350422,Rent,12,Paid,2024-08-14
CUST1092,Female,45,Single,Self-Employed,181993,1302003,Personal,6,Defaulted,2024-11-22
CUST1093,Female,21,Married,Employed,109897,571823,Agriculture,24,Paid,2023-11-17
CUST1094,Female,23,Married,Employed,295600,123697,Rent,12,Paid,2024-05-25
CUST1095,Male,56,Married,Self-Employed,278007,1293612,Education,18,Paid,2025-02-25
CUST1096,Female,40,Single,Unemployed,190543,1408874,Rent,18,Paid,2024-10-14
CUST1097,Male,26,Divorced,Self-Employed,39975,610893,Education,24,Paid,2024-12-01
CUST1098,Male,38,Single,Employed,148642,68754,Personal,12,Defaulted,2024-11-12
CUST1099,Female,53,Single,Employed,367127,942614,Education,24,Paid,2023-10-08
CUST1100,Female,56,Married,Self-Employed,297727,805764,Medical,24,Paid,2023-12-21
CUST1101,Female,28,Married,Self-Employed,41295,1159333,Business,12,Paid,2024-01-24
CUST1102,Male,47,Single,Self-Employed,386623,220031,Business,24,Paid,2025-05-07
CUST1103,Male,22,Divorced,Self-Employed,76086,1261741,Agriculture,18,Defaulted,2024-01-23
CUST1104,Male,22,Married,Unemployed,139501,1188971,Education,12,Paid,2025-02-07
CUST1105,Male,33,Single,Self-Employed,336622,624617,Personal,12,Defaulted,2025-05-08
CUST1106,Female,22,Single,Self-Employed,382020,799227,Medical,12,Paid,2023-09-16
CUST1107,Female,33,Single,Unemployed,208511,693570,Business,24,Paid,2024-11-08
CUST1108,Female,58,Married,Employed,329102,1369161,Medical,18,Paid,2023-09-02
CUST1109,Male,59,Divorced,Self-Employed,163945,701705,Rent,24,Paid,2024-10-29
CUST1110,Male,36,Married,Unemployed,112537,728433,Education,24,Paid,2024-07-03
CUST1111,Male,28,Married,Unemployed,351114,787739,Rent,6,Paid,2024-10-10
CUST1112,Female,29,Single,Self-Employed,226241,183849,Business,6,Paid,2024-10-12
CUST1113,Female,37,Married,Self-Employed,32715,361770,Rent,24,Defaulted,2023-10-04
CUST1114,Female,22,Single,Employed,388034,619900,Agriculture,12,Paid,2023-10-25
CUST1115,Male,60,Single,Unemployed,53465,348638,Personal,24,Paid,2024-06-12
CUST1116,Male,43,Divorced,Employed,117498,1419843,Education,6,Defaulted,2024-07-13
CUST1117,Male,45,Divorced,Employed,181791,1271631,Business,12,Paid,2024-02-28
CUST1118,Male,37,Divorced,Unemployed,300972,1130709,Personal,12,Paid,2024-03-21
CUST1119,Female,21,Divorced,Self-Employed,80875,492834,Business,18,Paid,2025-04-09
CUST1120,Male,45,Single,Employed,216746,1358899,Medical,24,Paid,2024-02-03
CUST1121,Male,54,Married,Self-Employed,280345,1208082,Rent,18,Paid,2024-08-02
CUST1122,Male,46,Divorced,Unemployed,176483,481686,Education,18,Paid,2024-11-02
CUST1123,Male,53,Divorced,Unemployed,109080,897628,Agriculture,24,Defaulted,2023-10-29
CUST1124,Male,50,Married,Self-Employed,311331,1030223,Medical,6,Paid,2024-07-24
CUST1125,Female,29,Divorced,Unemployed,216274,67497,Agriculture,24,Paid,2023-10-06
CUST1126,Female,29,Divorced,Unemployed,284120,123981,Personal,12,Paid,2024-04-15
CUST1127,Male,37,Single,Unemployed,161602,1397032,Rent,18,Paid,2024-12-22
CUST1128,Male,47,Married,Unemployed,165475,850099,Medical,12,Paid,2025-02-13
CUST1129,Male,22,Divorced,Employed,189124,136251,Rent,24,Defaulted,2024-08-20
CUST1130,Male,21,Married,Unemployed,31715,442236,Medical,24,Paid,2025-03-31
CUST1131,Female,54,Divorced,Employed,330543,1157008,Rent,18,Paid,2025-03-13
CUST1132,Female,22,Divorced,Self-Employed,373615,267111,Personal,12,Paid,2023-10-10
CUST1133,Female,44,Married,Self-Employed,45511,885711,Rent,18,Paid,2024-05-04
CUST1134,Female,34,Single,Employed,141155,1194057,Agriculture,6,Paid,2025-04-09
CUST1135,Male,36,Divorced,Unemployed,57069,1208924,Personal,18,Paid,2024-10-20
CUST1136,Male,32,Divorced,Self-Employed,374245,769621,Medical,24,Paid,2025-03-28
CUST1137,Female,56,Divorced,Self-Employed,395362,262923,Business,12,Defaulted,2023-11-18
CUST1138,Female,50,Divorced,Self-Employed,33419,609666,Agriculture,6,Paid,2024-03-12
CUST1139,Female,54,Divorced,Employed,201201,1465547,Rent,24,Paid,2024-03-21
CUST1140,Female,24,Married,Unemployed,285470,1342166,Medical,24,Defaulted,2024-03-01
CUST1141,Male,51,Single,Unemployed,324188,1271873,Business,12,Defaulted,2025-05-20
CUST1142,Female,37,Divorced,Unemployed,39247,228187,Education,12,Paid,2025-06-06
CUST1143,Female,32,Single,Employed,234832,584939,Personal,24,Paid,2025-06-08
CUST1144,Female,58,Divorced,Employed,229456,452928,Agriculture,12,Defaulted,2024-02-23
CUST1145,Female,23,Single,Unemployed,242331,744491,Education,24,Defaulted,2024-12-07
CUST1146,Female,46,Divorced,Unemployed,151507,1487023,Education,24,Paid,2025-02-28
CUST1147,Male,60,Single,Employed,139759,716218,Rent,12,Defaulted,2024-05-16
CUST1148,Male,50,Divorced,Unemployed,70847,91456,Business,12,Paid,2025-06-20
CUST1149,Male,39,Divorced,Self-Employed,322922,1209087,Medical,6,Paid,2023-10-08
CUST1150,Female,53,Divorced,Employed,160050,269202,Medical,12,Paid,2023-10-08
CUST1151,Female,25,Divorced,Unemployed,297358,1279210,Business,18,Paid,2024-05-23
CUST1152,Female,32,Married,Self-Employed,116388,765073,Medical,24,Paid,2023-11-28
CUST1153,Female,24,Divorced,Self-Employed,183059,251418,Agriculture,18,Paid,2025-01-30
CUST1154,Female,40,Married,Self-Employed,80051,85007,Rent,12,Defaulted,2023-07-15
CUST1155,Male,55,Married,Self-Employed,106854,158482,Medical,18,Paid,2024-08-23
CUST1156,Female,54,Married,Unemployed,99950,1393493,Business,18,Paid,2023-10-06
CUST1157,Female,24,Single,Self-Employed,236473,1219547,Rent,6,Paid,2024-07-08
CUST1158,Male,49,Married,Unemployed,399237,805117,Agriculture,18,Paid,2025-02-12
CUST1159,Female,29,Divorced,Unemployed,203243,1281885,Rent,6,Paid,2025-04-22
CUST1160,Female,53,Divorced,Employed,211530,1242027,Medical,24,Paid,2025-02-16
CUST1161,Male,58,Married,Employed,395381,493648,Education,24,Defaulted,2025-01-24
CUST1162,Female,51,Married,Unemployed,398461,1099154,Medical,18,Paid,2023-09-25
CUST1163,Male,37,Single,Unemployed,117160,793654,Education,18,Paid,2024-09-23
CUST1164,Male,29,Single,Unemployed,272781,111021,Rent,24,Paid,2024-05-09
CUST1165,Male,58,Single,Self-Employed,162947,386436,Personal,12,Paid,2024-02-05
CUST1166,Male,40,Single,Unemployed,164594,1244710,Medical,18,Paid,2023-07-03
CUST1167,Female,42,Divorced,Unemployed,372187,538409,Personal,24,Paid,2024-01-28
CUST1168,Female,26,Married,Self-Employed,177096,1408853,Personal,6,Paid,2025-01-11
CUST1169,Female,43,Married,Unemployed,62568,636836,Medical,18,Paid,2023-07-12
CUST1170,Female,21,Divorced,Self-Employed,106497,1447413,Business,6,Paid,2023-11-21
CUST1171,Female,35,Single,Self-Employed,239177,1121906,Business,12,Defaulted,2024-02-21
CUST1172,Female,41,Married,Employed,137361,996266,Personal,24,Defaulted,2025-05-08
CUST1173,Female,25,Married,Employed,268545,338560,Rent,18,Paid,2024-01-26
CUST1174,Male,53,Divorced,Self-Employed,358520,856578,Rent,6,Paid,2023-10-28
CUST1175,Female,32,Divorced,Employed,150403,1245425,Rent,24,Paid,2024-10-05
CUST1176,Female,50,Single,Unemployed,294238,390077,Medical,6,Paid,2024-10-08
CUST1177,Female,33,Single,Unemployed,40043,994586,Education,12,Paid,2024-10-03
CUST1178,Male,31,Single,Self-Employed,177198,652973,Education,24,Paid,2024-05-16
CUST1179,Male,56,Single,Self-Employed,348754,997206,Medical,24,Paid,2024-01-14
CUST1180,Male,60,Married,Employed,232947,874713,Rent,24,Paid,2023-09-08
CUST1181,Female,57,Married,Unemployed,292571,1357942,Agriculture,18,Defaulted,2024-03-29
CUST1182,Female,29,Married,Self-Employed,163066,814665,Agriculture,18,Paid,2024-06-13
CUST1183,Male,23,Single,Self-Employed,163727,1317084,Medical,18,Paid,2024-02-27
CUST1184,Male,55,Divorced,Employed,68959,266165,Rent,18,Paid,2024-04-24
CUST1185,Female,56,Divorced,Employed,366178,993145,Rent,24,Paid,2024-04-19
CUST1186,Male,41,Single,Employed,189420,666461,Personal,12,Paid,2024-03-29
CUST1187,Male,56,Married,Employed,184810,243837,Business,6,Defaulted,2024-10-17
CUST1188,Male,54,Married,Unemployed,322236,152588,Agriculture,12,Paid,2024-05-21
CUST1189,Female,37,Single,Unemployed,220197,345807,Education,6,Paid,2024-02-08
CUST1190,Female,43,Divorced,Self-Employed,59767,402161,Education,24,Paid,2025-04-30
CUST1191,Male,36,Single,Self-Employed,365085,87372,Business,6,Paid,2023-09-04
CUST1192,Male,45,Married,Self-Employed,53806,497334,Agriculture,18,Paid,2023-10-26
CUST1193,Female,57,Married,Self-Employed,303522,980182,Agriculture,12,Paid,2023-08-06
CUST1194,Male,25,Divorced,Unemployed,56771,262214,Agriculture,24,Paid,2025-04-24
CUST1195,Female,59,Divorced,Unemployed,330715,547633,Agriculture,24,Paid,2024-12-31
CUST1196,Male,40,Single,Employed,381365,617063,Agriculture,12,Paid,2024-08-18
CUST1197,Male,49,Divorced,Self-Employed,197464,1451230,Agriculture,12,Paid,2024-06-24
CUST1198,Female,41,Divorced,Unemployed,290311,227429,Education,6,Paid,2024-06-02
CUST1199,Male,59,Divorced,Self-Employed,194408,198723,Rent,6,Paid,2025-02-08
CUST1200,Female,30,Married,Unemployed,223329,884945,Medical,6,Paid,2024-03-04
CUST1201,Female,22,Divorced,Unemployed,285225,897669,Education,18,Defaulted,2024-05-09
CUST1202,Female,57,Divorced,Unemployed,61296,1037153,Rent,18,Paid,2024-10-22
CUST1203,Male,55,Married,Employed,164868,1016157,Education,12,Paid,2024-02-15
CUST1204,Female,56,Single,Self-Employed,398887,1152851,Business,24,Paid,2024-05-08
CUST1205,Male,56,Married,Employed,243776,1150225,Personal,18,Defaulted,2024-08-27
CUST1206,Female,51,Single,Self-Employed,51247,1376567,Education,18,Paid,2023-07-24
CUST1207,Male,34,Divorced,Self-Employed,50776,238643,Business,24,Paid,2024-10-07
CUST1208,Male,40,Single,Employed,370626,609462,Medical,18,Paid,2025-05-17
CUST1209,Male,51,Single,Unemployed,166715,1452578,Rent,12,Paid,2024-03-13
CUST1210,Female,22,Single,Employed,62584,1004647,Rent,18,Paid,2024-11-01
CUST1211,Female,38,Single,Employed,100509,948557,Rent,24,Defaulted,2024-07-07
CUST1212,Female,27,Single,Employed,143479,79653,Business,6,Paid,2023-12-18
CUST1213,Female,52,Single,Employed,59462,1235785,Agriculture,24,Paid,2024-08-13
CUST1214,Male,51,Single,Self-Employed,144464,1406822,Medical,24,Paid,2025-05-11
CUST1215,Male,41,Single,Unemployed,231838,250297,Education,6,Paid,2025-05-30
CUST1216,Male,46,Divorced,Self-Employed,294988,373909,Education,18,Paid,2024-10-27
CUST1217,Female,50,Single,Unemployed,396419,678799,Education,24,Paid,2025-04-03
CUST1218,Male,33,Divorced,Employed,218900,429493,Personal,18,Paid,2024-11-03
CUST1219,Female,25,Married,Unemployed,246944,1077133,Agriculture,6,Paid,2025-03-02
CUST1220,Female,59,Married,Employed,82499,355893,Agriculture,18,Paid,2023-09-20
CUST1221,Female,45,Married,Employed,84503,298574,Rent,12,Defaulted,2023-12-03
CUST1222,Female,34,Single,Employed,337712,474176,Agriculture,24,Paid,2024-02-04
CUST1223,Male,55,Divorced,Self-Employed,398279,1143187,Agriculture,18,Paid,2023-07-19
CUST1224,Female,42,Divorced,Unemployed,167330,980312,Agriculture,18,Paid,2024-10-08
CUST1225,Male,45,Divorced,Self-Employed,376957,227333,Medical,12,Paid,2025-02-27
CUST1226,Male,33,Married,Self-Employed,320282,796222,Personal,18,Paid,2024-06-23
CUST1227,Male,25,Married,Employed,356637,1409171,Education,18,Paid,2025-05-08
CUST1228,Female,33,Single,Unemployed,123446,198079,Personal,18,Paid,2024-04-01
CUST1229,Male,28,Married,Employed,269998,214890,Medical,18,Paid,2023-09-06
CUST1230,Male,38,Divorced,Employed,169544,363626,Medical,18,Paid,2024-07-14
CUST1231,Female,53,Single,Employed,139245,114180,Agriculture,24,Defaulted,2025-05-02
CUST1232,Male,23,Single,Employed,355524,738451,Business,12,Paid,2024-06-05
CUST1233,Male,28,Divorced,Unemployed,65029,460857,Agriculture,12,Paid,2025-05-23
CUST1234,Male,36,Divorced,Employed,332871,1463842,Business,6,Paid,2024-06-24
CUST1235,Female,39,Single,Unemployed,113723,1131777,Education,6,Paid,2023-09-09
CUST1236,Female,53,Single,Employed,143145,1279238,Education,12,Paid,2023-08-21
CUST1237,Male,47,Married,Unemployed,105778,179002,Business,6,Defaulted,2025-04-20
CUST1238,Female,25,Married,Unemployed,346983,684408,Rent,24,Paid,2025-03-01
CUST1239,Male,37,Married,Self-Employed,250461,101405,Business,18,Defaulted,2025-05-28
CUST1240,Male,40,Single,Employed,201804,1060332,Medical,24,Paid,2024-07-28
CUST1241,Male,56,Divorced,Self-Employed,163758,1480066,Medical,18,Paid,2023-12-04
CUST1242,Female,31,Married,Unemployed,285582,1380045,Medical,18,Paid,2023-07-05
CUST1243,Male,28,Single,Unemployed,265847,446951,Business,6,Paid,2024-09-06
CUST1244,Female,58,Single,Self-Employed,290470,1463041,Agriculture,6,Paid,2025-05-05
CUST1245,Male,60,Single,Unemployed,75631,574775,Agriculture,12,Paid,2024-07-03
CUST1246,Male,55,Married,Unemployed,57488,628536,Personal,18,Paid,2024-07-10
CUST1247,Female,41,Single,Self-Employed,212960,168986,Education,18,Paid,2025-06-18
CUST1248,Male,31,Divorced,Self-Employed,81529,855070,Rent,6,Paid,2023-10-14
CUST1249,Female,47,Married,Self-Employed,263655,1443233,Education,12,Paid,2023-07-08
CUST1250,Male,53,Single,Employed,318697,63883,Business,18,Paid,2025-05-27
CUST1251,Female,46,Single,Unemployed,120195,170301,Agriculture,6,Paid,2023-11-05
CUST1252,Male,52,Single,Unemployed,295525,723443,Medical,24,Defaulted,2024-05-31
CUST1253,Female,57,Married,Unemployed,323505,98534,Rent,18,Defaulted,2024-12-11
CUST1254,Female,23,Divorced,Unemployed,153613,407179,Business,18,Paid,2025-02-25
CUST1255,Female,43,Single,Unemployed,254926,1400423,Personal,12,Paid,2023-10-22
CUST1256,Male,49,Married,Employed,235624,778074,Education,18,Paid,2025-03-07
CUST1257,Female,40,Married,Unemployed,65070,76369,Business,12,Defaulted,2024-06-01
CUST1258,Male,53,Divorced,Unemployed,126850,1142577,Education,6,Paid,2023-07-23
CUST1259,Female,46,Married,Self-Employed,279748,458230,Agriculture,12,Paid,2024-12-14
CUST1260,Male,29,Divorced,Unemployed,268825,1271368,Medical,24,Paid,2023-09-25
CUST1261,Male,60,Divorced,Self-Employed,358049,395830,Education,6,Defaulted,2023-08-17
CUST1262,Female,32,Married,Unemployed,213081,1264872,Rent,6,Paid,2023-08-12
CUST1263,Female,47,Divorced,Unemployed,140952,587211,Medical,6,Paid,2024-11-04
CUST1264,Female,59,Divorced,Unemployed,123913,1456229,Education,18,Paid,2024-07-04
CUST1265,Female,43,Divorced,Unemployed,203197,991112,Personal,12,Paid,2024-02-24
CUST1266,Female,29,Single,Employed,369884,1423885,Business,24,Paid,2025-03-10
CUST1267,Male,35,Divorced,Employed,316842,341089,Personal,6,Defaulted,2024-12-28
CUST1268,Female,25,Married,Self-Employed,142981,510146,Medical,6,Paid,2024-07-18
CUST1269,Male,57,Divorced,Unemployed,92222,1314568,Agriculture,18,Paid,2024-05-20
CUST1270,Male,26,Married,Employed,209541,355134,Personal,12,Paid,2024-12-27
CUST1271,Male,43,Divorced,Employed,122925,1033967,Rent,6,Paid,2023-11-27
CUST1272,Female,50,Married,Employed,355347,1416178,Rent,24,Paid,2024-01-19
CUST1273,Female,30,Single,Unemployed,290710,70803,Medical,6,Defaulted,2025-02-17
CUST1274,Male,51,Married,Unemployed,345476,503151,Rent,18,Defaulted,2025-01-31
CUST1275,Female,53,Divorced,Self-Employed,172179,1154288,Personal,12,Paid,2024-09-25
CUST1276,Female,59,Married,Employed,314327,1488307,Agriculture,18,Paid,2025-06-16
CUST1277,Female,23,Married,Employed,396669,1094251,Rent,6,Paid,2024-01-25
CUST1278,Female,60,Married,Employed,350649,1363919,Medical,12,Paid,2024-11-09
CUST1279,Female,60,Divorced,Unemployed,145636,1456761,Agriculture,6,Defaulted,2024-03-22
CUST1280,Female,33,Single,Employed,83928,704847,Rent,18,Paid,2024-03-29
CUST1281,Male,36,Single,Unemployed,187739,842179,Agriculture,18,Paid,2025-02-23
CUST1282,Male,60,Single,Unemployed,160339,322644,Agriculture,18,Paid,2025-03-07
CUST1283,Female,53,Divorced,Employed,238256,1122961,Personal,18,Paid,2024-03-25
CUST1284,Male,31,Single,Employed,165954,1185205,Business,24,Paid,2023-11-28
CUST1285,Female,53,Married,Unemployed,70061,1484997,Personal,12,Defaulted,2023-11-11
CUST1286,Female,23,Divorced,Self-Employed,288337,622789,Agriculture,18,Paid,2023-10-20
CUST1287,Female,49,Divorced,Employed,301753,1496610,Personal,12,Paid,2024-12-23
CUST1288,Female,58,Married,Self-Employed,179742,1489468,Agriculture,24,Defaulted,2024-02-27
CUST1289,Male,39,Single,Employed,255813,333127,Agriculture,18,Paid,2024-07-06
CUST1290,Female,60,Divorced,Self-Employed,224186,1003032,Personal,24,Paid,2023-09-05
CUST1291,Female,39,Married,Unemployed,96060,429134,Education,24,Paid,2025-01-17
CUST1292,Male,26,Single,Self-Employed,214641,1472205,Agriculture,24,Paid,2025-03-10
CUST1293,Male,56,Divorced,Employed,247143,352245,Agriculture,24,Paid,2025-05-28
CUST1294,Male,53,Married,Unemployed,247552,349758,Personal,12,Defaulted,2023-07-10
CUST1295,Female,37,Divorced,Employed,278677,1368893,Medical,24,Paid,2024-10-26
CUST1296,Female,37,Divorced,Unemployed,259493,752984,Personal,12,Paid,2025-01-29
CUST1297,Female,48,Married,Employed,304595,527211,Rent,18,Defaulted,2023-09-19
CUST1298,Female,26,Divorced,Self-Employed,247825,203538,Business,6,Paid,2024-08-26
CUST1299,Female,39,Single,Self-Employed,66892,923237,Education,12,Paid,2025-02-12
CUST1300,Male,29,Single,Employed,388021,272470,Business,18,Paid,2024-08-18
CUST1301,Male,58,Single,Unemployed,82518,1130487,Business,18,Paid,2024-12-25
CUST1302,Male,60,Married,Self-Employed,297809,1373843,Education,12,Paid,2023-12-12
CUST1303,Female,49,Single,Employed,324405,1165581,Medical,18,Paid,2025-04-29
CUST1304,Female,57,Single,Self-Employed,38629,1289890,Personal,24,Paid,2025-03-07
CUST1305,Male,34,Divorced,Employed,124328,1432446,Medical,24,Paid,2024-12-05
CUST1306,Female,25,Married,Unemployed,154877,1117313,Education,18,Paid,2023-10-10
CUST1307,Female,21,Divorced,Unemployed,197497,1123501,Business,12,Defaulted,2023-08-10
CUST1308,Female,31,Single,Unemployed,263482,427238,Medical,18,Paid,2025-01-09
CUST1309,Female,36,Married,Self-Employed,146263,961578,Medical,6,Defaulted,2024-07-10
CUST1310,Male,54,Single,Self-Employed,264554,183747,Rent,12,Paid,2024-10-18
CUST1311,Male,52,Divorced,Employed,188367,1350320,Rent,12,Defaulted,2024-08-30
CUST1312,Male,21,Single,Self-Employed,211013,219569,Rent,6,Paid,2024-01-24
CUST1313,Male,58,Single,Employed,277766,1369002,Personal,18,Paid,2023-08-01
CUST1314,Male,21,Single,Unemployed,92703,999593,Education,24,Paid,2024-09-30
CUST1315,Female,32,Single,Employed,398019,66468,Education,24,Paid,2025-03-30
CUST1316,Female,34,Single,Employed,364078,607721,Business,6,Defaulted,2024-11-19
CUST1317,Female,55,Single,Unemployed,242948,398581,Personal,24,Paid,2024-01-12
CUST1318,Male,30,Married,Self-Employed,270824,439569,Medical,18,Paid,2024-10-08
CUST1319,Female,23,Divorced,Self-Employed,240361,1222395,Business,18,Defaulted,2023-07-06
CUST1320,Male,21,Divorced,Unemployed,119805,898523,Business,6,Paid,2024-09-06
CUST1321,Female,49,Married,Employed,122760,533979,Medical,18,Paid,2023-09-12
CUST1322,Male,36,Married,Unemployed,128609,684569,Rent,12,Paid,2024-02-05
CUST1323,Female,60,Married,Unemployed,211054,1290891,Business,12,Paid,2023-08-07
CUST1324,Male,53,Single,Self-Employed,187895,626491,Education,12,Paid,2023-07-27
CUST1325,Female,54,Married,Employed,147892,876391,Rent,6,Paid,2025-01-07
CUST1326,Male,44,Divorced,Unemployed,175279,577242,Personal,12,Paid,2024-08-22
CUST1327,Male,39,Single,Employed,325741,247505,Rent,18,Paid,2024-02-23
CUST1328,Male,44,Married,Employed,232141,1205865,Business,24,Defaulted,2025-03-03
CUST1329,Male,23,Single,Unemployed,265592,152463,Agriculture,24,Paid,2024-10-14
CUST1330,Female,58,Divorced,Unemployed,365617,841772,Business,18,Paid,2023-09-15
CUST1331,Male,30,Divorced,Self-Employed,208850,686709,Medical,6,Paid,2024-05-10
CUST1332,Male,28,Married,Self-Employed,65569,1478563,Business,24,Defaulted,2024-01-14
CUST1333,Female,33,Single,Unemployed,318671,190361,Personal,24,Paid,2024-02-19
CUST1334,Female,50,Divorced,Employed,241891,875618,Medical,12,Paid,2023-11-29
CUST1335,Male,39,Single,Self-Employed,66514,1276327,Education,24,Paid,2024-05-26
CUST1336,Female,33,Single,Self-Employed,323729,1424499,Personal,18,Paid,2024-04-09
CUST1337,Female,56,Divorced,Unemployed,242849,576455,Personal,18,Paid,2023-09-20
CUST1338,Female,43,Divorced,Self-Employed,342595,1301777,Education,6,Defaulted,2023-09-06
CUST1339,Male,38,Single,Self-Employed,250799,670664,Agriculture,24,Paid,2023-12-18
CUST1340,Female,58,Divorced,Employed,183210,683854,Rent,6,Paid,2025-06-07
CUST1341,Male,42,Married,Unemployed,66977,1411003,Personal,18,Paid,2024-05-11
CUST1342,Male,56,Married,Unemployed,249141,915585,Personal,12,Paid,2024-02-03
CUST1343,Female,26,Married,Unemployed,151806,416993,Agriculture,24,Paid,2025-05-26
CUST1344,Male,48,Married,Self-Employed,184161,732178,Business,6,Paid,2023-09-03
CUST1345,Female,41,Single,Employed,122508,146439,Business,12,Paid,2024-12-26
CUST1346,Female,59,Divorced,Employed,147407,519106,Business,6,Paid,2023-08-07
CUST1347,Female,42,Married,Employed,79447,768115,Business,24,Paid,2024-04-27
CUST1348,Female,27,Married,Unemployed,182874,1004110,Personal,18,Paid,2024-04-22
CUST1349,Female,21,Married,Unemployed,225904,339085,Medical,12,Paid,2024-11-17
CUST1350,Female,59,Single,Employed,214835,1361033,Agriculture,18,Paid,2024-10-21
CUST1351,Male,47,Single,Employed,35873,358452,Agriculture,24,Paid,2023-11-11
CUST1352,Female,22,Single,Unemployed,132528,935291,Business,18,Paid,2023-11-16
CUST1353,Male,59,Single,Self-Employed,243494,232738,Rent,6,Paid,2024-08-04
CUST1354,Male,32,Married,Employed,281965,793729,Rent,12,Paid,2023-10-24
CUST1355,Female,39,Married,Employed,249057,1141557,Education,12,Defaulted,2025-01-19
CUST1356,Female,29,Single,Employed,144035,687275,Business,24,Paid,2023-10-29
CUST1357,Female,22,Single,Self-Employed,69995,293742,Education,18,Paid,2024-11-23
CUST1358,Female,58,Divorced,Self-Employed,310683,689281,Medical,18,Paid,2025-03-18
CUST1359,Male,26,Divorced,Self-Employed,264076,120614,Education,24,Paid,2024-03-20
CUST1360,Male,52,Single,Employed,187371,1222120,Agriculture,12,Defaulted,2024-11-03
CUST1361,Male,49,Married,Unemployed,83445,272676,Rent,18,Paid,2024-05-17
CUST1362,Female,40,Married,Employed,238705,518733,Rent,12,Paid,2025-05-26
CUST1363,Male,36,Divorced,Unemployed,216705,1375499,Personal,6,Paid,2024-10-17
CUST1364,Female,29,Divorced,Unemployed,356827,170337,Rent,12,Paid,2023-11-11
CUST1365,Female,57,Single,Self-Employed,283163,769888,Business,6,Paid,2024-06-26
CUST1366,Male,29,Married,Employed,129892,267194,Personal,24,Paid,2023-11-14
CUST1367,Male,50,Single,Self-Employed,191308,144639,Agriculture,12,Paid,2024-11-11
CUST1368,Male,34,Married,Employed,77636,225249,Medical,18,Paid,2023-10-13
CUST1369,Male,48,Married,Self-Employed,102393,768025,Personal,24,Paid,2023-09-30
CUST1370,Female,22,Married,Unemployed,293466,922083,Agriculture,6,Defaulted,2024-04-12
CUST1371,Male,57,Single,Unemployed,113001,1345052,Agriculture,12,Paid,2024-04-07
CUST1372,Male,46,Single,Self-Employed,34837,563602,Business,24,Paid,2025-03-25
CUST1373,Female,46,Single,Self-Employed,111654,1326737,Medical,6,Paid,2024-12-24
CUST1374,Male,53,Divorced,Employed,200800,207917,Business,12,Paid,2025-02-24
CUST1375,Female,48,Married,Unemployed,94314,827587,Business,24,Paid,2025-01-21
CUST1376,Male,56,Divorced,Self-Employed,34420,558582,Business,18,Paid,2024-01-11
CUST1377,Male,50,Single,Unemployed,198092,874115,Agriculture,6,Defaulted,2023-08-14
CUST1378,Male,57,Divorced,Self-Employed,286385,594410,Personal,12,Defaulted,2024-05-27
CUST1379,Male,33,Married,Unemployed,208261,634394,Education,24,Paid,2025-04-16
CUST1380,Female,36,Married,Self-Employed,378034,445103,Rent,18,Paid,2025-02-12
CUST1381,Male,42,Single,Employed,165545,633608,Personal,12,Paid,2025-03-15
CUST1382,Male,55,Married,Self-Employed,131019,137238,Business,6,Paid,2024-11-11
CUST1383,Female,30,Single,Employed,305423,926083,Education,6,Paid,2024-12-19
CUST1384,Male,30,Divorced,Unemployed,370227,805683,Education,18,Paid,2025-05-05
CUST1385,Male,42,Married,Self-Employed,341704,258672,Personal,12,Defaulted,2024-01-06
CUST1386,Male,59,Married,Employed,312957,1080920,Agriculture,12,Defaulted,2024-08-21
CUST1387,Male,54,Divorced,Unemployed,298787,1182654,Education,12,Paid,2025-02-14
CUST1388,Female,37,Divorced,Employed,373285,1313024,Medical,12,Paid,2024-07-16
CUST1389,Female,58,Single,Employed,383416,259897,Business,18,Paid,2023-12-05
CUST1390,Male,48,Single,Employed,66892,1439436,Medical,24,Paid,2024-07-14
CUST1391,Female,40,Divorced,Employed,149251,881402,Medical,18,Defaulted,2024-07-15
CUST1392,Male,50,Married,Self-Employed,109040,309145,Personal,18,Paid,2025-03-06
CUST1393,Female,39,Married,Unemployed,70744,108246,Rent,6,Paid,2025-02-05
CUST1394,Female,51,Single,Employed,365834,268819,Rent,12,Paid,2024-06-10
CUST1395,Male,36,Married,Unemployed,202592,1078393,Rent,6,Paid,2024-02-23
CUST1396,Male,57,Single,Employed,44638,387302,Agriculture,12,Paid,2023-07-07
CUST1397,Male,29,Divorced,Employed,173419,924917,Agriculture,12,Paid,2023-12-12
CUST1398,Female,40,Single,Self-Employed,200262,738673,Business,24,Paid,2024-12-15
CUST1399,Female,23,Single,Unemployed,258204,1188225,Education,12,Paid,2024-02-15
CUST1400,Female,42,Divorced,Unemployed,220134,1196106,Medical,18,Paid,2024-07-02
CUST1401,Female,33,Divorced,Employed,286450,889303,Medical,24,Defaulted,2025-02-12
CUST1402,Female,35,Married,Unemployed,117876,967322,Personal,24,Paid,2024-11-21
CUST1403,Male,25,Single,Self-Employed,181961,132189,Medical,6,Defaulted,2024-07-28
CUST1404,Male,26,Divorced,Unemployed,259875,475106,Agriculture,6,Paid,2024-10-13
CUST1405,Male,29,Single,Unemployed,224324,1359373,Personal,12,Paid,2025-01-19
CUST1406,Female,35,Divorced,Employed,141249,697410,Education,12,Paid,2024-05-30
CUST1407,Male,25,Single,Employed,48873,491469,Education,18,Paid,2023-12-26
CUST1408,Male,58,Divorced,Employed,217488,1043439,Education,24,Paid,2025-02-17
CUST1409,Male,33,Single,Employed,358593,1331088,Medical,24,Paid,2025-06-10
CUST1410,Male,24,Single,Employed,210653,267776,Medical,6,Paid,2024-11-04
CUST1411,Male,25,Divorced,Employed,344352,255522,Medical,12,Paid,2025-01-28
CUST1412,Female,49,Married,Employed,381608,1256635,Agriculture,6,Paid,2024-06-15
CUST1413,Male,38,Single,Self-Employed,154404,702080,Personal,12,Paid,2024-12-30
CUST1414,Male,24,Divorced,Employed,202942,836801,Medical,24,Paid,2024-08-21
CUST1415,Female,59,Divorced,Employed,272600,503470,Business,24,Defaulted,2023-07-21
CUST1416,Female,51,Divorced,Self-Employed,288126,543894,Rent,12,Paid,2024-03-11
CUST1417,Female,60,Married,Self-Employed,377828,1421837,Agriculture,24,Paid,2023-11-23
CUST1418,Female,35,Married,Unemployed,156276,559639,Rent,24,Paid,2024-12-19
CUST1419,Male,46,Married,Employed,161973,1096582,Rent,12,Paid,2024-06-18
CUST1420,Female,22,Divorced,Self-Employed,88305,871466,Agriculture,6,Paid,2025-01-21
CUST1421,Female,55,Divorced,Self-Employed,49992,741631,Business,6,Paid,2023-08-09
CUST1422,Male,42,Single,Self-Employed,54806,512851,Agriculture,12,Paid,2024-07-27
CUST1423,Male,38,Divorced,Employed,154760,1133221,Agriculture,24,Paid,2023-07-10
CUST1424,Female,42,Divorced,Employed,359994,286399,Business,6,Paid,2024-11-09
CUST1425,Male,40,Married,Employed,79494,686529,Medical,6,Paid,2023-11-04
CUST1426,Female,57,Divorced,Employed,119308,785482,Personal,24,Paid,2023-08-27
CUST1427,Female,28,Single,Self-Employed,343551,261674,Education,18,Paid,2024-07-09
CUST1428,Male,24,Married,Employed,183194,1113671,Rent,18,Paid,2023-10-04
CUST1429,Male,49,Married,Self-Employed,86264,866709,Medical,18,Paid,2024-02-17
CUST1430,Male,44,Divorced,Self-Employed,385023,774748,Rent,12,Defaulted,2024-06-29
CUST1431,Female,54,Married,Self-Employed,107503,1105125,Rent,24,Paid,2024-12-28
CUST1432,Female,48,Divorced,Unemployed,176209,855492,Personal,6,Paid,2023-10-23
CUST1433,Female,37,Divorced,Employed,319712,155825,Agriculture,12,Defaulted,2025-03-11
CUST1434,Female,47,Married,Unemployed,32448,806719,Agriculture,24,Paid,2023-11-16
CUST1435,Male,37,Divorced,Employed,174491,963092,Medical,24,Paid,2024-01-03
CUST1436,Male,38,Divorced,Employed,141670,1050763,Business,12,Paid,2023-12-07
CUST1437,Male,41,Married,Self-Employed,154788,874675,Medical,6,Paid,2024-07-27
CUST1438,Female,45,Divorced,Self-Employed,310248,390949,Business,18,Defaulted,2025-01-21
CUST1439,Male,43,Divorced,Self-Employed,87836,194812,Agriculture,24,Paid,2025-02-13
CUST1440,Male,49,Single,Unemployed,124135,395632,Education,12,Defaulted,2024-12-18
CUST1441,Male,22,Divorced,Employed,105692,70003,Business,18,Paid,2024-10-15
CUST1442,Female,51,Single,Unemployed,76895,1200599,Education,18,Paid,2024-09-13
CUST1443,Male,36,Single,Unemployed,359926,79253,Personal,18,Paid,2025-01-05
CUST1444,Female,30,Divorced,Unemployed,251034,1459671,Education,24,Paid,2024-02-05
CUST1445,Female,24,Divorced,Unemployed,273966,1279725,Business,6,Paid,2023-07-06
CUST1446,Female,57,Married,Unemployed,176677,662133,Rent,6,Paid,2024-10-06
CUST1447,Male,22,Divorced,Employed,266214,502808,Education,6,Paid,2023-07-12
CUST1448,Male,44,Divorced,Self-Employed,99253,825898,Medical,18,Paid,2025-03-06
CUST1449,Male,42,Married,Unemployed,178745,248984,Business,18,Paid,2024-07-15
CUST1450,Female,22,Married,Self-Employed,69170,348691,Agriculture,24,Paid,2024-10-28
CUST1451,Female,34,Divorced,Unemployed,257843,1470922,Personal,6,Defaulted,2024-05-09
CUST1452,Male,40,Single,Self-Employed,34517,1420214,Agriculture,12,Paid,2024-01-19
CUST1453,Female,51,Divorced,Unemployed,70381,839720,Education,18,Paid,2024-03-20
CUST1454,Female,58,Single,Employed,135923,1408659,Agriculture,6,Defaulted,2023-09-19
CUST1455,Male,41,Divorced,Self-Employed,222736,925084,Business,18,Paid,2023-09-02
CUST1456,Male,25,Divorced,Self-Employed,102775,860904,Agriculture,24,Paid,2024-03-12
CUST1457,Male,42,Married,Self-Employed,353613,1415375,Rent,18,Defaulted,2025-01-19
CUST1458,Male,24,Single,Unemployed,38178,1242492,Rent,24,Paid,2024-09-22
CUST1459,Male,56,Divorced,Unemployed,159258,914580,Medical,12,Paid,2024-07-07
CUST1460,Female,57,Married,Self-Employed,132819,296803,Medical,18,Paid,2024-11-10
CUST1461,Female,52,Married,Self-Employed,395195,1476685,Education,18,Paid,2025-05-30
CUST1462,Male,31,Divorced,Employed,315841,814607,Personal,24,Paid,2024-01-02
CUST1463,Female,46,Single,Self-Employed,112136,91670,Education,24,Paid,2024-06-08
CUST1464,Male,60,Divorced,Self-Employed,350779,412945,Rent,6,Paid,2025-01-28
CUST1465,Female,35,Married,Employed,66212,426794,Education,12,Paid,2023-12-28
CUST1466,Male,56,Single,Unemployed,281334,994904,Business,24,Paid,2024-03-10
CUST1467,Female,51,Single,Self-Employed,339137,539404,Business,12,Paid,2024-04-21
CUST1468,Female,51,Single,Employed,209702,258807,Medical,24,Paid,2024-01-20
CUST1469,Male,57,Married,Self-Employed,32176,700264,Medical,18,Paid,2024-05-24
CUST1470,Female,59,Divorced,Employed,98464,238768,Business,18,Paid,2023-07-04
CUST1471,Male,39,Single,Self-Employed,125892,74645,Business,18,Paid,2024-12-24
CUST1472,Female,25,Single,Unemployed,170015,1258100,Business,6,Paid,2024-07-04
CUST1473,Female,21,Divorced,Employed,242885,207994,Medical,12,Defaulted,2023-10-18
CUST1474,Male,49,Single,Self-Employed,370310,420281,Business,6,Paid,2023-08-19
CUST1475,Male,43,Single,Unemployed,210685,213028,Business,18,Paid,2023-08-01
CUST1476,Female,24,Married,Employed,256831,1157677,Medical,12,Defaulted,2023-07-21
CUST1477,Female,26,Single,Self-Employed,326406,1004827,Medical,12,Defaulted,2025-01-11
CUST1478,Female,48,Single,Unemployed,264158,1475944,Agriculture,18,Paid,2023-09-24
CUST1479,Male,34,Divorced,Self-Employed,164747,1036123,Agriculture,6,Paid,2023-08-04
CUST1480,Male,47,Married,Employed,318146,1320442,Agriculture,24,Defaulted,2024-08-09
CUST1481,Male,57,Single,Employed,356126,261931,Agriculture,6,Paid,2023-07-26
CUST1482,Male,21,Single,Employed,188843,659705,Education,24,Paid,2024-11-15
CUST1483,Male,47,Divorced,Self-Employed,53560,514422,Rent,18,Paid,2025-06-20
CUST1484,Female,22,Divorced,Unemployed,49344,241156,Rent,18,Paid,2024-12-30
CUST1485,Female,51,Married,Unemployed,197534,778623,Personal,24,Paid,2025-05-21
CUST1486,Male,58,Single,Employed,363134,1149493,Medical,12,Paid,2024-04-13
CUST1487,Male,40,Divorced,Unemployed,119578,1329103,Education,6,Paid,2023-09-15
CUST1488,Male,39,Married,Unemployed,99055,992772,Agriculture,12,Paid,2025-03-22
CUST1489,Male,24,Married,Self-Employed,362277,554000,Personal,12,Defaulted,2023-08-02
CUST1490,Female,26,Married,Employed,346777,1039118,Education,24,Paid,2024-09-26
CUST1491,Female,47,Divorced,Employed,351789,718604,Personal,6,Defaulted,2024-12-10
CUST1492,Female,57,Divorced,Self-Employed,381777,822527,Agriculture,18,Paid,2023-08-12
CUST1493,Male,39,Married,Unemployed,256035,156635,Business,18,Paid,2025-06-09
CUST1494,Female,32,Married,Self-Employed,226713,1135727,Rent,24,Defaulted,2024-10-06
CUST1495,Male,37,Single,Employed,172497,1050604,Rent,18,Paid,2024-03-14
CUST1496,Male,33,Married,Self-Employed,322402,1072859,Personal,6,Paid,2024-01-17
CUST1497,Male,37,Divorced,Unemployed,186779,930218,Business,12,Paid,2024-06-26
CUST1498,Female,49,Divorced,Self-Employed,82281,1110157,Medical,24,Paid,2024-11-15
CUST1499,Female,30,Divorced,Unemployed,89013,936988,Education,24,Paid,2024-06-18
